question,answer
What is hypertension?,Hypertension is a condition characterized by specific pathophysiological processes.
What are common symptoms of hypertension?,"Common symptoms of Hypertension include symptom1, symptom2, and symptom3."
How is hypertension diagnosed?,"Hypertension is diagnosed through clinical evaluation, imaging, and laboratory tests."
What is the first-line treatment for hypertension?,First-line treatment for Hypertension includes therapy1 and therapy2 according to guidelines.
What are risk factors for hypertension?,"Risk factors for Hypertension include factor1, factor2, and factor3."
What is diabetes mellitus?,Diabetes Mellitus is a condition characterized by specific pathophysiological processes.
What are common symptoms of diabetes mellitus?,"Common symptoms of Diabetes Mellitus include symptom1, symptom2, and symptom3."
How is diabetes mellitus diagnosed?,"Diabetes Mellitus is diagnosed through clinical evaluation, imaging, and laboratory tests."
What is the first-line treatment for diabetes mellitus?,First-line treatment for Diabetes Mellitus includes therapy1 and therapy2 according to guidelines.
What are risk factors for diabetes mellitus?,"Risk factors for Diabetes Mellitus include factor1, factor2, and factor3."
What is asthma?,Asthma is a condition characterized by specific pathophysiological processes.
What are common symptoms of asthma?,"Common symptoms of Asthma include symptom1, symptom2, and symptom3."
How is asthma diagnosed?,"Asthma is diagnosed through clinical evaluation, imaging, and laboratory tests."
What is the first-line treatment for asthma?,First-line treatment for Asthma includes therapy1 and therapy2 according to guidelines.
What are risk factors for asthma?,"Risk factors for Asthma include factor1, factor2, and factor3."
What is stroke?,Stroke is a condition characterized by specific pathophysiological processes.
What are common symptoms of stroke?,"Common symptoms of Stroke include symptom1, symptom2, and symptom3."
How is stroke diagnosed?,"Stroke is diagnosed through clinical evaluation, imaging, and laboratory tests."
What is the first-line treatment for stroke?,First-line treatment for Stroke includes therapy1 and therapy2 according to guidelines.
What are risk factors for stroke?,"Risk factors for Stroke include factor1, factor2, and factor3."
What is myocardial infarction?,Myocardial Infarction is a condition characterized by specific pathophysiological processes.
What are common symptoms of myocardial infarction?,"Common symptoms of Myocardial Infarction include symptom1, symptom2, and symptom3."
How is myocardial infarction diagnosed?,"Myocardial Infarction is diagnosed through clinical evaluation, imaging, and laboratory tests."
What is the first-line treatment for myocardial infarction?,First-line treatment for Myocardial Infarction includes therapy1 and therapy2 according to guidelines.
What are risk factors for myocardial infarction?,"Risk factors for Myocardial Infarction include factor1, factor2, and factor3."
What is pneumonia?,Pneumonia is a condition characterized by specific pathophysiological processes.
What are common symptoms of pneumonia?,"Common symptoms of Pneumonia include symptom1, symptom2, and symptom3."
How is pneumonia diagnosed?,"Pneumonia is diagnosed through clinical evaluation, imaging, and laboratory tests."
What is the first-line treatment for pneumonia?,First-line treatment for Pneumonia includes therapy1 and therapy2 according to guidelines.
What are risk factors for pneumonia?,"Risk factors for Pneumonia include factor1, factor2, and factor3."
What is anemia?,Anemia is a condition characterized by specific pathophysiological processes.
What are common symptoms of anemia?,"Common symptoms of Anemia include symptom1, symptom2, and symptom3."
How is anemia diagnosed?,"Anemia is diagnosed through clinical evaluation, imaging, and laboratory tests."
What is the first-line treatment for anemia?,First-line treatment for Anemia includes therapy1 and therapy2 according to guidelines.
What are risk factors for anemia?,"Risk factors for Anemia include factor1, factor2, and factor3."
What is gout?,Gout is a condition characterized by specific pathophysiological processes.
What are common symptoms of gout?,"Common symptoms of Gout include symptom1, symptom2, and symptom3."
How is gout diagnosed?,"Gout is diagnosed through clinical evaluation, imaging, and laboratory tests."
What is the first-line treatment for gout?,First-line treatment for Gout includes therapy1 and therapy2 according to guidelines.
What are risk factors for gout?,"Risk factors for Gout include factor1, factor2, and factor3."
What is chronic kidney disease?,Chronic Kidney Disease is a condition characterized by specific pathophysiological processes.
What are common symptoms of chronic kidney disease?,"Common symptoms of Chronic Kidney Disease include symptom1, symptom2, and symptom3."
How is chronic kidney disease diagnosed?,"Chronic Kidney Disease is diagnosed through clinical evaluation, imaging, and laboratory tests."
What is the first-line treatment for chronic kidney disease?,First-line treatment for Chronic Kidney Disease includes therapy1 and therapy2 according to guidelines.
What are risk factors for chronic kidney disease?,"Risk factors for Chronic Kidney Disease include factor1, factor2, and factor3."
What is rheumatoid arthritis?,Rheumatoid Arthritis is a condition characterized by specific pathophysiological processes.
What are common symptoms of rheumatoid arthritis?,"Common symptoms of Rheumatoid Arthritis include symptom1, symptom2, and symptom3."
How is rheumatoid arthritis diagnosed?,"Rheumatoid Arthritis is diagnosed through clinical evaluation, imaging, and laboratory tests."
What is the first-line treatment for rheumatoid arthritis?,First-line treatment for Rheumatoid Arthritis includes therapy1 and therapy2 according to guidelines.
What are risk factors for rheumatoid arthritis?,"Risk factors for Rheumatoid Arthritis include factor1, factor2, and factor3."
What is hepatitis?,Hepatitis is a condition characterized by specific pathophysiological processes.
What are common symptoms of hepatitis?,"Common symptoms of Hepatitis include symptom1, symptom2, and symptom3."
How is hepatitis diagnosed?,"Hepatitis is diagnosed through clinical evaluation, imaging, and laboratory tests."
What is the first-line treatment for hepatitis?,First-line treatment for Hepatitis includes therapy1 and therapy2 according to guidelines.
What are risk factors for hepatitis?,"Risk factors for Hepatitis include factor1, factor2, and factor3."
What is COPD?,Copd is a condition characterized by specific pathophysiological processes.
What are common symptoms of COPD?,"Common symptoms of Copd include symptom1, symptom2, and symptom3."
How is COPD diagnosed?,"Copd is diagnosed through clinical evaluation, imaging, and laboratory tests."
What is the first-line treatment for COPD?,First-line treatment for Copd includes therapy1 and therapy2 according to guidelines.
What are risk factors for COPD?,"Risk factors for Copd include factor1, factor2, and factor3."
What is cancer?,Cancer is a condition characterized by specific pathophysiological processes.
What are common symptoms of cancer?,"Common symptoms of Cancer include symptom1, symptom2, and symptom3."
How is cancer diagnosed?,"Cancer is diagnosed through clinical evaluation, imaging, and laboratory tests."
What is the first-line treatment for cancer?,First-line treatment for Cancer includes therapy1 and therapy2 according to guidelines.
What are risk factors for cancer?,"Risk factors for Cancer include factor1, factor2, and factor3."
What is epilepsy?,Epilepsy is a condition characterized by specific pathophysiological processes.
What are common symptoms of epilepsy?,"Common symptoms of Epilepsy include symptom1, symptom2, and symptom3."
How is epilepsy diagnosed?,"Epilepsy is diagnosed through clinical evaluation, imaging, and laboratory tests."
What is the first-line treatment for epilepsy?,First-line treatment for Epilepsy includes therapy1 and therapy2 according to guidelines.
What are risk factors for epilepsy?,"Risk factors for Epilepsy include factor1, factor2, and factor3."
What is migraine?,Migraine is a condition characterized by specific pathophysiological processes.
What are common symptoms of migraine?,"Common symptoms of Migraine include symptom1, symptom2, and symptom3."
How is migraine diagnosed?,"Migraine is diagnosed through clinical evaluation, imaging, and laboratory tests."
What is the first-line treatment for migraine?,First-line treatment for Migraine includes therapy1 and therapy2 according to guidelines.
What are risk factors for migraine?,"Risk factors for Migraine include factor1, factor2, and factor3."
What is HIV?,Hiv is a condition characterized by specific pathophysiological processes.
What are common symptoms of HIV?,"Common symptoms of Hiv include symptom1, symptom2, and symptom3."
How is HIV diagnosed?,"Hiv is diagnosed through clinical evaluation, imaging, and laboratory tests."
What is the first-line treatment for HIV?,First-line treatment for Hiv includes therapy1 and therapy2 according to guidelines.
What are risk factors for HIV?,"Risk factors for Hiv include factor1, factor2, and factor3."
What is tuberculosis?,Tuberculosis is a condition characterized by specific pathophysiological processes.
What are common symptoms of tuberculosis?,"Common symptoms of Tuberculosis include symptom1, symptom2, and symptom3."
How is tuberculosis diagnosed?,"Tuberculosis is diagnosed through clinical evaluation, imaging, and laboratory tests."
What is the first-line treatment for tuberculosis?,First-line treatment for Tuberculosis includes therapy1 and therapy2 according to guidelines.
What are risk factors for tuberculosis?,"Risk factors for Tuberculosis include factor1, factor2, and factor3."
What is depression?,Depression is a condition characterized by specific pathophysiological processes.
What are common symptoms of depression?,"Common symptoms of Depression include symptom1, symptom2, and symptom3."
How is depression diagnosed?,"Depression is diagnosed through clinical evaluation, imaging, and laboratory tests."
What is the first-line treatment for depression?,First-line treatment for Depression includes therapy1 and therapy2 according to guidelines.
What are risk factors for depression?,"Risk factors for Depression include factor1, factor2, and factor3."
What is anxiety?,Anxiety is a condition characterized by specific pathophysiological processes.
What are common symptoms of anxiety?,"Common symptoms of Anxiety include symptom1, symptom2, and symptom3."
How is anxiety diagnosed?,"Anxiety is diagnosed through clinical evaluation, imaging, and laboratory tests."
What is the first-line treatment for anxiety?,First-line treatment for Anxiety includes therapy1 and therapy2 according to guidelines.
What are risk factors for anxiety?,"Risk factors for Anxiety include factor1, factor2, and factor3."
What is obesity?,Obesity is a condition characterized by specific pathophysiological processes.
What are common symptoms of obesity?,"Common symptoms of Obesity include symptom1, symptom2, and symptom3."
How is obesity diagnosed?,"Obesity is diagnosed through clinical evaluation, imaging, and laboratory tests."
What is the first-line treatment for obesity?,First-line treatment for Obesity includes therapy1 and therapy2 according to guidelines.
What are risk factors for obesity?,"Risk factors for Obesity include factor1, factor2, and factor3."
What is hyperthyroidism?,Hyperthyroidism is a condition characterized by specific pathophysiological processes.
What are common symptoms of hyperthyroidism?,"Common symptoms of Hyperthyroidism include symptom1, symptom2, and symptom3."
How is hyperthyroidism diagnosed?,"Hyperthyroidism is diagnosed through clinical evaluation, imaging, and laboratory tests."
What is the first-line treatment for hyperthyroidism?,First-line treatment for Hyperthyroidism includes therapy1 and therapy2 according to guidelines.
What are risk factors for hyperthyroidism?,"Risk factors for Hyperthyroidism include factor1, factor2, and factor3."
What is hypothyroidism?,Hypothyroidism is a condition characterized by specific pathophysiological processes.
What are common symptoms of hypothyroidism?,"Common symptoms of Hypothyroidism include symptom1, symptom2, and symptom3."
How is hypothyroidism diagnosed?,"Hypothyroidism is diagnosed through clinical evaluation, imaging, and laboratory tests."
What is the first-line treatment for hypothyroidism?,First-line treatment for Hypothyroidism includes therapy1 and therapy2 according to guidelines.
What are risk factors for hypothyroidism?,"Risk factors for Hypothyroidism include factor1, factor2, and factor3."
What is peptic ulcer disease?,Peptic Ulcer Disease is a condition characterized by specific pathophysiological processes.
What are common symptoms of peptic ulcer disease?,"Common symptoms of Peptic Ulcer Disease include symptom1, symptom2, and symptom3."
How is peptic ulcer disease diagnosed?,"Peptic Ulcer Disease is diagnosed through clinical evaluation, imaging, and laboratory tests."
What is the first-line treatment for peptic ulcer disease?,First-line treatment for Peptic Ulcer Disease includes therapy1 and therapy2 according to guidelines.
What are risk factors for peptic ulcer disease?,"Risk factors for Peptic Ulcer Disease include factor1, factor2, and factor3."
What is diverticulitis?,Diverticulitis is a condition characterized by specific pathophysiological processes.
What are common symptoms of diverticulitis?,"Common symptoms of Diverticulitis include symptom1, symptom2, and symptom3."
How is diverticulitis diagnosed?,"Diverticulitis is diagnosed through clinical evaluation, imaging, and laboratory tests."
What is the first-line treatment for diverticulitis?,First-line treatment for Diverticulitis includes therapy1 and therapy2 according to guidelines.
What are risk factors for diverticulitis?,"Risk factors for Diverticulitis include factor1, factor2, and factor3."
What is appendicitis?,Appendicitis is a condition characterized by specific pathophysiological processes.
What are common symptoms of appendicitis?,"Common symptoms of Appendicitis include symptom1, symptom2, and symptom3."
How is appendicitis diagnosed?,"Appendicitis is diagnosed through clinical evaluation, imaging, and laboratory tests."
What is the first-line treatment for appendicitis?,First-line treatment for Appendicitis includes therapy1 and therapy2 according to guidelines.
What are risk factors for appendicitis?,"Risk factors for Appendicitis include factor1, factor2, and factor3."
What is hepatitis C?,Hepatitis C is a condition characterized by specific pathophysiological processes.
What are common symptoms of hepatitis C?,"Common symptoms of Hepatitis C include symptom1, symptom2, and symptom3."
How is hepatitis C diagnosed?,"Hepatitis C is diagnosed through clinical evaluation, imaging, and laboratory tests."
What is the first-line treatment for hepatitis C?,First-line treatment for Hepatitis C includes therapy1 and therapy2 according to guidelines.
What are risk factors for hepatitis C?,"Risk factors for Hepatitis C include factor1, factor2, and factor3."
What is hepatitis B?,Hepatitis B is a condition characterized by specific pathophysiological processes.
What are common symptoms of hepatitis B?,"Common symptoms of Hepatitis B include symptom1, symptom2, and symptom3."
How is hepatitis B diagnosed?,"Hepatitis B is diagnosed through clinical evaluation, imaging, and laboratory tests."
What is the first-line treatment for hepatitis B?,First-line treatment for Hepatitis B includes therapy1 and therapy2 according to guidelines.
What are risk factors for hepatitis B?,"Risk factors for Hepatitis B include factor1, factor2, and factor3."
What is multiple sclerosis?,Multiple Sclerosis is a condition characterized by specific pathophysiological processes.
What are common symptoms of multiple sclerosis?,"Common symptoms of Multiple Sclerosis include symptom1, symptom2, and symptom3."
How is multiple sclerosis diagnosed?,"Multiple Sclerosis is diagnosed through clinical evaluation, imaging, and laboratory tests."
What is the first-line treatment for multiple sclerosis?,First-line treatment for Multiple Sclerosis includes therapy1 and therapy2 according to guidelines.
What are risk factors for multiple sclerosis?,"Risk factors for Multiple Sclerosis include factor1, factor2, and factor3."
What is Parkinson's disease?,Parkinson'S Disease is a condition characterized by specific pathophysiological processes.
What are common symptoms of Parkinson's disease?,"Common symptoms of Parkinson'S Disease include symptom1, symptom2, and symptom3."
How is Parkinson's disease diagnosed?,"Parkinson'S Disease is diagnosed through clinical evaluation, imaging, and laboratory tests."
What is the first-line treatment for Parkinson's disease?,First-line treatment for Parkinson'S Disease includes therapy1 and therapy2 according to guidelines.
What are risk factors for Parkinson's disease?,"Risk factors for Parkinson'S Disease include factor1, factor2, and factor3."
What is Alzheimer's disease?,Alzheimer'S Disease is a condition characterized by specific pathophysiological processes.
What are common symptoms of Alzheimer's disease?,"Common symptoms of Alzheimer'S Disease include symptom1, symptom2, and symptom3."
How is Alzheimer's disease diagnosed?,"Alzheimer'S Disease is diagnosed through clinical evaluation, imaging, and laboratory tests."
What is the first-line treatment for Alzheimer's disease?,First-line treatment for Alzheimer'S Disease includes therapy1 and therapy2 according to guidelines.
What are risk factors for Alzheimer's disease?,"Risk factors for Alzheimer'S Disease include factor1, factor2, and factor3."
What is psoriasis?,Psoriasis is a condition characterized by specific pathophysiological processes.
What are common symptoms of psoriasis?,"Common symptoms of Psoriasis include symptom1, symptom2, and symptom3."
How is psoriasis diagnosed?,"Psoriasis is diagnosed through clinical evaluation, imaging, and laboratory tests."
What is the first-line treatment for psoriasis?,First-line treatment for Psoriasis includes therapy1 and therapy2 according to guidelines.
What are risk factors for psoriasis?,"Risk factors for Psoriasis include factor1, factor2, and factor3."
What is eczema?,Eczema is a condition characterized by specific pathophysiological processes.
What are common symptoms of eczema?,"Common symptoms of Eczema include symptom1, symptom2, and symptom3."
How is eczema diagnosed?,"Eczema is diagnosed through clinical evaluation, imaging, and laboratory tests."
What is the first-line treatment for eczema?,First-line treatment for Eczema includes therapy1 and therapy2 according to guidelines.
What are risk factors for eczema?,"Risk factors for Eczema include factor1, factor2, and factor3."
What is lupus?,Lupus is a condition characterized by specific pathophysiological processes.
What are common symptoms of lupus?,"Common symptoms of Lupus include symptom1, symptom2, and symptom3."
How is lupus diagnosed?,"Lupus is diagnosed through clinical evaluation, imaging, and laboratory tests."
What is the first-line treatment for lupus?,First-line treatment for Lupus includes therapy1 and therapy2 according to guidelines.
What are risk factors for lupus?,"Risk factors for Lupus include factor1, factor2, and factor3."
What is Crohn's disease?,Crohn'S Disease is a condition characterized by specific pathophysiological processes.
What are common symptoms of Crohn's disease?,"Common symptoms of Crohn'S Disease include symptom1, symptom2, and symptom3."
How is Crohn's disease diagnosed?,"Crohn'S Disease is diagnosed through clinical evaluation, imaging, and laboratory tests."
What is the first-line treatment for Crohn's disease?,First-line treatment for Crohn'S Disease includes therapy1 and therapy2 according to guidelines.
What are risk factors for Crohn's disease?,"Risk factors for Crohn'S Disease include factor1, factor2, and factor3."
What is ulcerative colitis?,Ulcerative Colitis is a condition characterized by specific pathophysiological processes.
What are common symptoms of ulcerative colitis?,"Common symptoms of Ulcerative Colitis include symptom1, symptom2, and symptom3."
How is ulcerative colitis diagnosed?,"Ulcerative Colitis is diagnosed through clinical evaluation, imaging, and laboratory tests."
What is the first-line treatment for ulcerative colitis?,First-line treatment for Ulcerative Colitis includes therapy1 and therapy2 according to guidelines.
What are risk factors for ulcerative colitis?,"Risk factors for Ulcerative Colitis include factor1, factor2, and factor3."
What is melanoma?,Melanoma is a condition characterized by specific pathophysiological processes.
What are common symptoms of melanoma?,"Common symptoms of Melanoma include symptom1, symptom2, and symptom3."
How is melanoma diagnosed?,"Melanoma is diagnosed through clinical evaluation, imaging, and laboratory tests."
What is the first-line treatment for melanoma?,First-line treatment for Melanoma includes therapy1 and therapy2 according to guidelines.
What are risk factors for melanoma?,"Risk factors for Melanoma include factor1, factor2, and factor3."
What is leukemia?,Leukemia is a condition characterized by specific pathophysiological processes.
What are common symptoms of leukemia?,"Common symptoms of Leukemia include symptom1, symptom2, and symptom3."
How is leukemia diagnosed?,"Leukemia is diagnosed through clinical evaluation, imaging, and laboratory tests."
What is the first-line treatment for leukemia?,First-line treatment for Leukemia includes therapy1 and therapy2 according to guidelines.
What are risk factors for leukemia?,"Risk factors for Leukemia include factor1, factor2, and factor3."
What is lymphoma?,Lymphoma is a condition characterized by specific pathophysiological processes.
What are common symptoms of lymphoma?,"Common symptoms of Lymphoma include symptom1, symptom2, and symptom3."
How is lymphoma diagnosed?,"Lymphoma is diagnosed through clinical evaluation, imaging, and laboratory tests."
What is the first-line treatment for lymphoma?,First-line treatment for Lymphoma includes therapy1 and therapy2 according to guidelines.
What are risk factors for lymphoma?,"Risk factors for Lymphoma include factor1, factor2, and factor3."
What is scleroderma?,Scleroderma is a condition characterized by specific pathophysiological processes.
What are common symptoms of scleroderma?,"Common symptoms of Scleroderma include symptom1, symptom2, and symptom3."
How is scleroderma diagnosed?,"Scleroderma is diagnosed through clinical evaluation, imaging, and laboratory tests."
What is the first-line treatment for scleroderma?,First-line treatment for Scleroderma includes therapy1 and therapy2 according to guidelines.
What are risk factors for scleroderma?,"Risk factors for Scleroderma include factor1, factor2, and factor3."
What is psoriatic arthritis?,Psoriatic Arthritis is a condition characterized by specific pathophysiological processes.
What are common symptoms of psoriatic arthritis?,"Common symptoms of Psoriatic Arthritis include symptom1, symptom2, and symptom3."
How is psoriatic arthritis diagnosed?,"Psoriatic Arthritis is diagnosed through clinical evaluation, imaging, and laboratory tests."
What is the first-line treatment for psoriatic arthritis?,First-line treatment for Psoriatic Arthritis includes therapy1 and therapy2 according to guidelines.
What are risk factors for psoriatic arthritis?,"Risk factors for Psoriatic Arthritis include factor1, factor2, and factor3."
What is osteoporosis?,Osteoporosis is a condition characterized by specific pathophysiological processes.
What are common symptoms of osteoporosis?,"Common symptoms of Osteoporosis include symptom1, symptom2, and symptom3."
How is osteoporosis diagnosed?,"Osteoporosis is diagnosed through clinical evaluation, imaging, and laboratory tests."
What is the first-line treatment for osteoporosis?,First-line treatment for Osteoporosis includes therapy1 and therapy2 according to guidelines.
What are risk factors for osteoporosis?,"Risk factors for Osteoporosis include factor1, factor2, and factor3."
What is systemic sclerosis?,Systemic Sclerosis is a condition characterized by specific pathophysiological processes.
What are common symptoms of systemic sclerosis?,"Common symptoms of Systemic Sclerosis include symptom1, symptom2, and symptom3."
How is systemic sclerosis diagnosed?,"Systemic Sclerosis is diagnosed through clinical evaluation, imaging, and laboratory tests."
What is the first-line treatment for systemic sclerosis?,First-line treatment for Systemic Sclerosis includes therapy1 and therapy2 according to guidelines.
What are risk factors for systemic sclerosis?,"Risk factors for Systemic Sclerosis include factor1, factor2, and factor3."
What is dengue fever?,Dengue Fever is a condition characterized by specific pathophysiological processes.
What are common symptoms of dengue fever?,"Common symptoms of Dengue Fever include symptom1, symptom2, and symptom3."
How is dengue fever diagnosed?,"Dengue Fever is diagnosed through clinical evaluation, imaging, and laboratory tests."
What is the first-line treatment for dengue fever?,First-line treatment for Dengue Fever includes therapy1 and therapy2 according to guidelines.
What are risk factors for dengue fever?,"Risk factors for Dengue Fever include factor1, factor2, and factor3."
What is Zika virus infection?,Zika Virus Infection is a condition characterized by specific pathophysiological processes.
What are common symptoms of Zika virus infection?,"Common symptoms of Zika Virus Infection include symptom1, symptom2, and symptom3."
How is Zika virus infection diagnosed?,"Zika Virus Infection is diagnosed through clinical evaluation, imaging, and laboratory tests."
What is the first-line treatment for Zika virus infection?,First-line treatment for Zika Virus Infection includes therapy1 and therapy2 according to guidelines.
What are risk factors for Zika virus infection?,"Risk factors for Zika Virus Infection include factor1, factor2, and factor3."
What is yellow fever?,Yellow Fever is a condition characterized by specific pathophysiological processes.
What are common symptoms of yellow fever?,"Common symptoms of Yellow Fever include symptom1, symptom2, and symptom3."
How is yellow fever diagnosed?,"Yellow Fever is diagnosed through clinical evaluation, imaging, and laboratory tests."
What is the first-line treatment for yellow fever?,First-line treatment for Yellow Fever includes therapy1 and therapy2 according to guidelines.
What are risk factors for yellow fever?,"Risk factors for Yellow Fever include factor1, factor2, and factor3."
What is malaria?,Malaria is a condition characterized by specific pathophysiological processes.
What are common symptoms of malaria?,"Common symptoms of Malaria include symptom1, symptom2, and symptom3."
How is malaria diagnosed?,"Malaria is diagnosed through clinical evaluation, imaging, and laboratory tests."
What is the first-line treatment for malaria?,First-line treatment for Malaria includes therapy1 and therapy2 according to guidelines.
What are risk factors for malaria?,"Risk factors for Malaria include factor1, factor2, and factor3."
What is Lyme disease?,Lyme Disease is a condition characterized by specific pathophysiological processes.
What are common symptoms of Lyme disease?,"Common symptoms of Lyme Disease include symptom1, symptom2, and symptom3."
How is Lyme disease diagnosed?,"Lyme Disease is diagnosed through clinical evaluation, imaging, and laboratory tests."
What is the first-line treatment for Lyme disease?,First-line treatment for Lyme Disease includes therapy1 and therapy2 according to guidelines.
What are risk factors for Lyme disease?,"Risk factors for Lyme Disease include factor1, factor2, and factor3."
What is meningitis?,Meningitis is a condition characterized by specific pathophysiological processes.
What are common symptoms of meningitis?,"Common symptoms of Meningitis include symptom1, symptom2, and symptom3."
How is meningitis diagnosed?,"Meningitis is diagnosed through clinical evaluation, imaging, and laboratory tests."
What is the first-line treatment for meningitis?,First-line treatment for Meningitis includes therapy1 and therapy2 according to guidelines.
What are risk factors for meningitis?,"Risk factors for Meningitis include factor1, factor2, and factor3."
What is sepsis?,Sepsis is a condition characterized by specific pathophysiological processes.
What are common symptoms of sepsis?,"Common symptoms of Sepsis include symptom1, symptom2, and symptom3."
How is sepsis diagnosed?,"Sepsis is diagnosed through clinical evaluation, imaging, and laboratory tests."
What is the first-line treatment for sepsis?,First-line treatment for Sepsis includes therapy1 and therapy2 according to guidelines.
What are risk factors for sepsis?,"Risk factors for Sepsis include factor1, factor2, and factor3."
What is anaphylaxis?,Anaphylaxis is a condition characterized by specific pathophysiological processes.
What are common symptoms of anaphylaxis?,"Common symptoms of Anaphylaxis include symptom1, symptom2, and symptom3."
How is anaphylaxis diagnosed?,"Anaphylaxis is diagnosed through clinical evaluation, imaging, and laboratory tests."
What is the first-line treatment for anaphylaxis?,First-line treatment for Anaphylaxis includes therapy1 and therapy2 according to guidelines.
What are risk factors for anaphylaxis?,"Risk factors for Anaphylaxis include factor1, factor2, and factor3."
What is shock?,Shock is a condition characterized by specific pathophysiological processes.
What are common symptoms of shock?,"Common symptoms of Shock include symptom1, symptom2, and symptom3."
How is shock diagnosed?,"Shock is diagnosed through clinical evaluation, imaging, and laboratory tests."
What is the first-line treatment for shock?,First-line treatment for Shock includes therapy1 and therapy2 according to guidelines.
What are risk factors for shock?,"Risk factors for Shock include factor1, factor2, and factor3."
What is cardiomyopathy?,Cardiomyopathy is a condition characterized by specific pathophysiological processes.
What are common symptoms of cardiomyopathy?,"Common symptoms of Cardiomyopathy include symptom1, symptom2, and symptom3."
How is cardiomyopathy diagnosed?,"Cardiomyopathy is diagnosed through clinical evaluation, imaging, and laboratory tests."
What is the first-line treatment for cardiomyopathy?,First-line treatment for Cardiomyopathy includes therapy1 and therapy2 according to guidelines.
What are risk factors for cardiomyopathy?,"Risk factors for Cardiomyopathy include factor1, factor2, and factor3."
What is pericarditis?,Pericarditis is a condition characterized by specific pathophysiological processes.
What are common symptoms of pericarditis?,"Common symptoms of Pericarditis include symptom1, symptom2, and symptom3."
How is pericarditis diagnosed?,"Pericarditis is diagnosed through clinical evaluation, imaging, and laboratory tests."
What is the first-line treatment for pericarditis?,First-line treatment for Pericarditis includes therapy1 and therapy2 according to guidelines.
What are risk factors for pericarditis?,"Risk factors for Pericarditis include factor1, factor2, and factor3."
What is endocarditis?,Endocarditis is a condition characterized by specific pathophysiological processes.
What are common symptoms of endocarditis?,"Common symptoms of Endocarditis include symptom1, symptom2, and symptom3."
How is endocarditis diagnosed?,"Endocarditis is diagnosed through clinical evaluation, imaging, and laboratory tests."
What is the first-line treatment for endocarditis?,First-line treatment for Endocarditis includes therapy1 and therapy2 according to guidelines.
What are risk factors for endocarditis?,"Risk factors for Endocarditis include factor1, factor2, and factor3."
What is deep vein thrombosis?,Deep Vein Thrombosis is a condition characterized by specific pathophysiological processes.
What are common symptoms of deep vein thrombosis?,"Common symptoms of Deep Vein Thrombosis include symptom1, symptom2, and symptom3."
How is deep vein thrombosis diagnosed?,"Deep Vein Thrombosis is diagnosed through clinical evaluation, imaging, and laboratory tests."
What is the first-line treatment for deep vein thrombosis?,First-line treatment for Deep Vein Thrombosis includes therapy1 and therapy2 according to guidelines.
What are risk factors for deep vein thrombosis?,"Risk factors for Deep Vein Thrombosis include factor1, factor2, and factor3."
What is pulmonary embolism?,Pulmonary Embolism is a condition characterized by specific pathophysiological processes.
What are common symptoms of pulmonary embolism?,"Common symptoms of Pulmonary Embolism include symptom1, symptom2, and symptom3."
How is pulmonary embolism diagnosed?,"Pulmonary Embolism is diagnosed through clinical evaluation, imaging, and laboratory tests."
What is the first-line treatment for pulmonary embolism?,First-line treatment for Pulmonary Embolism includes therapy1 and therapy2 according to guidelines.
What are risk factors for pulmonary embolism?,"Risk factors for Pulmonary Embolism include factor1, factor2, and factor3."
What is hemophilia?,Hemophilia is a condition characterized by specific pathophysiological processes.
What are common symptoms of hemophilia?,"Common symptoms of Hemophilia include symptom1, symptom2, and symptom3."
How is hemophilia diagnosed?,"Hemophilia is diagnosed through clinical evaluation, imaging, and laboratory tests."
What is the first-line treatment for hemophilia?,First-line treatment for Hemophilia includes therapy1 and therapy2 according to guidelines.
What are risk factors for hemophilia?,"Risk factors for Hemophilia include factor1, factor2, and factor3."
What is thrombocytopenia?,Thrombocytopenia is a condition characterized by specific pathophysiological processes.
What are common symptoms of thrombocytopenia?,"Common symptoms of Thrombocytopenia include symptom1, symptom2, and symptom3."
How is thrombocytopenia diagnosed?,"Thrombocytopenia is diagnosed through clinical evaluation, imaging, and laboratory tests."
What is the first-line treatment for thrombocytopenia?,First-line treatment for Thrombocytopenia includes therapy1 and therapy2 according to guidelines.
What are risk factors for thrombocytopenia?,"Risk factors for Thrombocytopenia include factor1, factor2, and factor3."
What is leukopenia?,Leukopenia is a condition characterized by specific pathophysiological processes.
What are common symptoms of leukopenia?,"Common symptoms of Leukopenia include symptom1, symptom2, and symptom3."
How is leukopenia diagnosed?,"Leukopenia is diagnosed through clinical evaluation, imaging, and laboratory tests."
What is the first-line treatment for leukopenia?,First-line treatment for Leukopenia includes therapy1 and therapy2 according to guidelines.
What are risk factors for leukopenia?,"Risk factors for Leukopenia include factor1, factor2, and factor3."
What is lymphadenopathy?,Lymphadenopathy is a condition characterized by specific pathophysiological processes.
What are common symptoms of lymphadenopathy?,"Common symptoms of Lymphadenopathy include symptom1, symptom2, and symptom3."
How is lymphadenopathy diagnosed?,"Lymphadenopathy is diagnosed through clinical evaluation, imaging, and laboratory tests."
What is the first-line treatment for lymphadenopathy?,First-line treatment for Lymphadenopathy includes therapy1 and therapy2 according to guidelines.
What are risk factors for lymphadenopathy?,"Risk factors for Lymphadenopathy include factor1, factor2, and factor3."
What is polycythemia vera?,Polycythemia Vera is a condition characterized by specific pathophysiological processes.
What are common symptoms of polycythemia vera?,"Common symptoms of Polycythemia Vera include symptom1, symptom2, and symptom3."
How is polycythemia vera diagnosed?,"Polycythemia Vera is diagnosed through clinical evaluation, imaging, and laboratory tests."
What is the first-line treatment for polycythemia vera?,First-line treatment for Polycythemia Vera includes therapy1 and therapy2 according to guidelines.
What are risk factors for polycythemia vera?,"Risk factors for Polycythemia Vera include factor1, factor2, and factor3."
What is hemochromatosis?,Hemochromatosis is a condition characterized by specific pathophysiological processes.
What are common symptoms of hemochromatosis?,"Common symptoms of Hemochromatosis include symptom1, symptom2, and symptom3."
How is hemochromatosis diagnosed?,"Hemochromatosis is diagnosed through clinical evaluation, imaging, and laboratory tests."
What is the first-line treatment for hemochromatosis?,First-line treatment for Hemochromatosis includes therapy1 and therapy2 according to guidelines.
What are risk factors for hemochromatosis?,"Risk factors for Hemochromatosis include factor1, factor2, and factor3."
What is Wilson's disease?,Wilson'S Disease is a condition characterized by specific pathophysiological processes.
What are common symptoms of Wilson's disease?,"Common symptoms of Wilson'S Disease include symptom1, symptom2, and symptom3."
How is Wilson's disease diagnosed?,"Wilson'S Disease is diagnosed through clinical evaluation, imaging, and laboratory tests."
What is the first-line treatment for Wilson's disease?,First-line treatment for Wilson'S Disease includes therapy1 and therapy2 according to guidelines.
What are risk factors for Wilson's disease?,"Risk factors for Wilson'S Disease include factor1, factor2, and factor3."
What is phenylketonuria?,Phenylketonuria is a condition characterized by specific pathophysiological processes.
What are common symptoms of phenylketonuria?,"Common symptoms of Phenylketonuria include symptom1, symptom2, and symptom3."
How is phenylketonuria diagnosed?,"Phenylketonuria is diagnosed through clinical evaluation, imaging, and laboratory tests."
What is the first-line treatment for phenylketonuria?,First-line treatment for Phenylketonuria includes therapy1 and therapy2 according to guidelines.
What are risk factors for phenylketonuria?,"Risk factors for Phenylketonuria include factor1, factor2, and factor3."
What is cystic fibrosis?,Cystic Fibrosis is a condition characterized by specific pathophysiological processes.
What are common symptoms of cystic fibrosis?,"Common symptoms of Cystic Fibrosis include symptom1, symptom2, and symptom3."
How is cystic fibrosis diagnosed?,"Cystic Fibrosis is diagnosed through clinical evaluation, imaging, and laboratory tests."
What is the first-line treatment for cystic fibrosis?,First-line treatment for Cystic Fibrosis includes therapy1 and therapy2 according to guidelines.
What are risk factors for cystic fibrosis?,"Risk factors for Cystic Fibrosis include factor1, factor2, and factor3."
What is sickle cell disease?,Sickle Cell Disease is a condition characterized by specific pathophysiological processes.
What are common symptoms of sickle cell disease?,"Common symptoms of Sickle Cell Disease include symptom1, symptom2, and symptom3."
How is sickle cell disease diagnosed?,"Sickle Cell Disease is diagnosed through clinical evaluation, imaging, and laboratory tests."
What is the first-line treatment for sickle cell disease?,First-line treatment for Sickle Cell Disease includes therapy1 and therapy2 according to guidelines.
What are risk factors for sickle cell disease?,"Risk factors for Sickle Cell Disease include factor1, factor2, and factor3."
What is thalassemia?,Thalassemia is a condition characterized by specific pathophysiological processes.
What are common symptoms of thalassemia?,"Common symptoms of Thalassemia include symptom1, symptom2, and symptom3."
How is thalassemia diagnosed?,"Thalassemia is diagnosed through clinical evaluation, imaging, and laboratory tests."
What is the first-line treatment for thalassemia?,First-line treatment for Thalassemia includes therapy1 and therapy2 according to guidelines.
What are risk factors for thalassemia?,"Risk factors for Thalassemia include factor1, factor2, and factor3."
What is hemolytic anemia?,Hemolytic Anemia is a condition characterized by specific pathophysiological processes.
What are common symptoms of hemolytic anemia?,"Common symptoms of Hemolytic Anemia include symptom1, symptom2, and symptom3."
How is hemolytic anemia diagnosed?,"Hemolytic Anemia is diagnosed through clinical evaluation, imaging, and laboratory tests."
What is the first-line treatment for hemolytic anemia?,First-line treatment for Hemolytic Anemia includes therapy1 and therapy2 according to guidelines.
What are risk factors for hemolytic anemia?,"Risk factors for Hemolytic Anemia include factor1, factor2, and factor3."
What is Von Willebrand disease?,Von Willebrand Disease is a condition characterized by specific pathophysiological processes.
What are common symptoms of Von Willebrand disease?,"Common symptoms of Von Willebrand Disease include symptom1, symptom2, and symptom3."
How is Von Willebrand disease diagnosed?,"Von Willebrand Disease is diagnosed through clinical evaluation, imaging, and laboratory tests."
What is the first-line treatment for Von Willebrand disease?,First-line treatment for Von Willebrand Disease includes therapy1 and therapy2 according to guidelines.
What are risk factors for Von Willebrand disease?,"Risk factors for Von Willebrand Disease include factor1, factor2, and factor3."
What is Gilbert's syndrome?,Gilbert'S Syndrome is a condition characterized by specific pathophysiological processes.
What are common symptoms of Gilbert's syndrome?,"Common symptoms of Gilbert'S Syndrome include symptom1, symptom2, and symptom3."
How is Gilbert's syndrome diagnosed?,"Gilbert'S Syndrome is diagnosed through clinical evaluation, imaging, and laboratory tests."
What is the first-line treatment for Gilbert's syndrome?,First-line treatment for Gilbert'S Syndrome includes therapy1 and therapy2 according to guidelines.
What are risk factors for Gilbert's syndrome?,"Risk factors for Gilbert'S Syndrome include factor1, factor2, and factor3."
What is primary biliary cholangitis?,Primary Biliary Cholangitis is a condition characterized by specific pathophysiological processes.
What are common symptoms of primary biliary cholangitis?,"Common symptoms of Primary Biliary Cholangitis include symptom1, symptom2, and symptom3."
How is primary biliary cholangitis diagnosed?,"Primary Biliary Cholangitis is diagnosed through clinical evaluation, imaging, and laboratory tests."
What is the first-line treatment for primary biliary cholangitis?,First-line treatment for Primary Biliary Cholangitis includes therapy1 and therapy2 according to guidelines.
What are risk factors for primary biliary cholangitis?,"Risk factors for Primary Biliary Cholangitis include factor1, factor2, and factor3."
What is primary sclerosing cholangitis?,Primary Sclerosing Cholangitis is a condition characterized by specific pathophysiological processes.
What are common symptoms of primary sclerosing cholangitis?,"Common symptoms of Primary Sclerosing Cholangitis include symptom1, symptom2, and symptom3."
How is primary sclerosing cholangitis diagnosed?,"Primary Sclerosing Cholangitis is diagnosed through clinical evaluation, imaging, and laboratory tests."
What is the first-line treatment for primary sclerosing cholangitis?,First-line treatment for Primary Sclerosing Cholangitis includes therapy1 and therapy2 according to guidelines.
What are risk factors for primary sclerosing cholangitis?,"Risk factors for Primary Sclerosing Cholangitis include factor1, factor2, and factor3."
What is acute mountain sickness?,Acute Mountain Sickness is a condition characterized by specific pathophysiological processes.
What are common symptoms of acute mountain sickness?,"Common symptoms of Acute Mountain Sickness include symptom1, symptom2, and symptom3."
How is acute mountain sickness diagnosed?,"Acute Mountain Sickness is diagnosed through clinical evaluation, imaging, and laboratory tests."
What is the first-line treatment for acute mountain sickness?,First-line treatment for Acute Mountain Sickness includes therapy1 and therapy2 according to guidelines.
What are risk factors for acute mountain sickness?,"Risk factors for Acute Mountain Sickness include factor1, factor2, and factor3."
What is cyanide poisoning?,Cyanide Poisoning is a condition characterized by specific pathophysiological processes.
What are common symptoms of cyanide poisoning?,"Common symptoms of Cyanide Poisoning include symptom1, symptom2, and symptom3."
How is cyanide poisoning diagnosed?,"Cyanide Poisoning is diagnosed through clinical evaluation, imaging, and laboratory tests."
What is the first-line treatment for cyanide poisoning?,First-line treatment for Cyanide Poisoning includes therapy1 and therapy2 according to guidelines.
What are risk factors for cyanide poisoning?,"Risk factors for Cyanide Poisoning include factor1, factor2, and factor3."
What is arsenic poisoning?,Arsenic Poisoning is a condition characterized by specific pathophysiological processes.
What are common symptoms of arsenic poisoning?,"Common symptoms of Arsenic Poisoning include symptom1, symptom2, and symptom3."
How is arsenic poisoning diagnosed?,"Arsenic Poisoning is diagnosed through clinical evaluation, imaging, and laboratory tests."
What is the first-line treatment for arsenic poisoning?,First-line treatment for Arsenic Poisoning includes therapy1 and therapy2 according to guidelines.
What are risk factors for arsenic poisoning?,"Risk factors for Arsenic Poisoning include factor1, factor2, and factor3."
What is lead poisoning?,Lead Poisoning is a condition characterized by specific pathophysiological processes.
What are common symptoms of lead poisoning?,"Common symptoms of Lead Poisoning include symptom1, symptom2, and symptom3."
How is lead poisoning diagnosed?,"Lead Poisoning is diagnosed through clinical evaluation, imaging, and laboratory tests."
What is the first-line treatment for lead poisoning?,First-line treatment for Lead Poisoning includes therapy1 and therapy2 according to guidelines.
What are risk factors for lead poisoning?,"Risk factors for Lead Poisoning include factor1, factor2, and factor3."
What is radiation sickness?,Radiation Sickness is a condition characterized by specific pathophysiological processes.
What are common symptoms of radiation sickness?,"Common symptoms of Radiation Sickness include symptom1, symptom2, and symptom3."
How is radiation sickness diagnosed?,"Radiation Sickness is diagnosed through clinical evaluation, imaging, and laboratory tests."
What is the first-line treatment for radiation sickness?,First-line treatment for Radiation Sickness includes therapy1 and therapy2 according to guidelines.
What are risk factors for radiation sickness?,"Risk factors for Radiation Sickness include factor1, factor2, and factor3."
What is heat stroke?,Heat Stroke is a condition characterized by specific pathophysiological processes.
What are common symptoms of heat stroke?,"Common symptoms of Heat Stroke include symptom1, symptom2, and symptom3."
How is heat stroke diagnosed?,"Heat Stroke is diagnosed through clinical evaluation, imaging, and laboratory tests."
What is the first-line treatment for heat stroke?,First-line treatment for Heat Stroke includes therapy1 and therapy2 according to guidelines.
What are risk factors for heat stroke?,"Risk factors for Heat Stroke include factor1, factor2, and factor3."
What is hypothermia?,Hypothermia is a condition characterized by specific pathophysiological processes.
What are common symptoms of hypothermia?,"Common symptoms of Hypothermia include symptom1, symptom2, and symptom3."
How is hypothermia diagnosed?,"Hypothermia is diagnosed through clinical evaluation, imaging, and laboratory tests."
What is the first-line treatment for hypothermia?,First-line treatment for Hypothermia includes therapy1 and therapy2 according to guidelines.
What are risk factors for hypothermia?,"Risk factors for Hypothermia include factor1, factor2, and factor3."
What is malnutrition?,Malnutrition is a condition characterized by specific pathophysiological processes.
What are common symptoms of malnutrition?,"Common symptoms of Malnutrition include symptom1, symptom2, and symptom3."
How is malnutrition diagnosed?,"Malnutrition is diagnosed through clinical evaluation, imaging, and laboratory tests."
What is the first-line treatment for malnutrition?,First-line treatment for Malnutrition includes therapy1 and therapy2 according to guidelines.
What are risk factors for malnutrition?,"Risk factors for Malnutrition include factor1, factor2, and factor3."
What is rickets?,Rickets is a condition characterized by specific pathophysiological processes.
What are common symptoms of rickets?,"Common symptoms of Rickets include symptom1, symptom2, and symptom3."
How is rickets diagnosed?,"Rickets is diagnosed through clinical evaluation, imaging, and laboratory tests."
What is the first-line treatment for rickets?,First-line treatment for Rickets includes therapy1 and therapy2 according to guidelines.
What are risk factors for rickets?,"Risk factors for Rickets include factor1, factor2, and factor3."
What is scurvy?,Scurvy is a condition characterized by specific pathophysiological processes.
What are common symptoms of scurvy?,"Common symptoms of Scurvy include symptom1, symptom2, and symptom3."
How is scurvy diagnosed?,"Scurvy is diagnosed through clinical evaluation, imaging, and laboratory tests."
What is the first-line treatment for scurvy?,First-line treatment for Scurvy includes therapy1 and therapy2 according to guidelines.
What are risk factors for scurvy?,"Risk factors for Scurvy include factor1, factor2, and factor3."
What is beriberi?,Beriberi is a condition characterized by specific pathophysiological processes.
What are common symptoms of beriberi?,"Common symptoms of Beriberi include symptom1, symptom2, and symptom3."
How is beriberi diagnosed?,"Beriberi is diagnosed through clinical evaluation, imaging, and laboratory tests."
What is the first-line treatment for beriberi?,First-line treatment for Beriberi includes therapy1 and therapy2 according to guidelines.
What are risk factors for beriberi?,"Risk factors for Beriberi include factor1, factor2, and factor3."
What is pellagra?,Pellagra is a condition characterized by specific pathophysiological processes.
What are common symptoms of pellagra?,"Common symptoms of Pellagra include symptom1, symptom2, and symptom3."
How is pellagra diagnosed?,"Pellagra is diagnosed through clinical evaluation, imaging, and laboratory tests."
What is the first-line treatment for pellagra?,First-line treatment for Pellagra includes therapy1 and therapy2 according to guidelines.
What are risk factors for pellagra?,"Risk factors for Pellagra include factor1, factor2, and factor3."
What is osteomalacia?,Osteomalacia is a condition characterized by specific pathophysiological processes.
What are common symptoms of osteomalacia?,"Common symptoms of Osteomalacia include symptom1, symptom2, and symptom3."
How is osteomalacia diagnosed?,"Osteomalacia is diagnosed through clinical evaluation, imaging, and laboratory tests."
What is the first-line treatment for osteomalacia?,First-line treatment for Osteomalacia includes therapy1 and therapy2 according to guidelines.
What are risk factors for osteomalacia?,"Risk factors for Osteomalacia include factor1, factor2, and factor3."
What is vitamin D deficiency?,Vitamin D Deficiency is a condition characterized by specific pathophysiological processes.
What are common symptoms of vitamin D deficiency?,"Common symptoms of Vitamin D Deficiency include symptom1, symptom2, and symptom3."
How is vitamin D deficiency diagnosed?,"Vitamin D Deficiency is diagnosed through clinical evaluation, imaging, and laboratory tests."
What is the first-line treatment for vitamin D deficiency?,First-line treatment for Vitamin D Deficiency includes therapy1 and therapy2 according to guidelines.
What are risk factors for vitamin D deficiency?,"Risk factors for Vitamin D Deficiency include factor1, factor2, and factor3."
What is vitamin B12 deficiency?,Vitamin B12 Deficiency is a condition characterized by specific pathophysiological processes.
What are common symptoms of vitamin B12 deficiency?,"Common symptoms of Vitamin B12 Deficiency include symptom1, symptom2, and symptom3."
How is vitamin B12 deficiency diagnosed?,"Vitamin B12 Deficiency is diagnosed through clinical evaluation, imaging, and laboratory tests."
What is the first-line treatment for vitamin B12 deficiency?,First-line treatment for Vitamin B12 Deficiency includes therapy1 and therapy2 according to guidelines.
What are risk factors for vitamin B12 deficiency?,"Risk factors for Vitamin B12 Deficiency include factor1, factor2, and factor3."
What is folate deficiency?,Folate Deficiency is a condition characterized by specific pathophysiological processes.
What are common symptoms of folate deficiency?,"Common symptoms of Folate Deficiency include symptom1, symptom2, and symptom3."
How is folate deficiency diagnosed?,"Folate Deficiency is diagnosed through clinical evaluation, imaging, and laboratory tests."
What is the first-line treatment for folate deficiency?,First-line treatment for Folate Deficiency includes therapy1 and therapy2 according to guidelines.
What are risk factors for folate deficiency?,"Risk factors for Folate Deficiency include factor1, factor2, and factor3."
What is iron deficiency anemia?,Iron Deficiency Anemia is a condition characterized by specific pathophysiological processes.
What are common symptoms of iron deficiency anemia?,"Common symptoms of Iron Deficiency Anemia include symptom1, symptom2, and symptom3."
How is iron deficiency anemia diagnosed?,"Iron Deficiency Anemia is diagnosed through clinical evaluation, imaging, and laboratory tests."
What is the first-line treatment for iron deficiency anemia?,First-line treatment for Iron Deficiency Anemia includes therapy1 and therapy2 according to guidelines.
What are risk factors for iron deficiency anemia?,"Risk factors for Iron Deficiency Anemia include factor1, factor2, and factor3."
What is megaloblastic anemia?,Megaloblastic Anemia is a condition characterized by specific pathophysiological processes.
What are common symptoms of megaloblastic anemia?,"Common symptoms of Megaloblastic Anemia include symptom1, symptom2, and symptom3."
How is megaloblastic anemia diagnosed?,"Megaloblastic Anemia is diagnosed through clinical evaluation, imaging, and laboratory tests."
What is the first-line treatment for megaloblastic anemia?,First-line treatment for Megaloblastic Anemia includes therapy1 and therapy2 according to guidelines.
What are risk factors for megaloblastic anemia?,"Risk factors for Megaloblastic Anemia include factor1, factor2, and factor3."
What is aplastic anemia?,Aplastic Anemia is a condition characterized by specific pathophysiological processes.
What are common symptoms of aplastic anemia?,"Common symptoms of Aplastic Anemia include symptom1, symptom2, and symptom3."
How is aplastic anemia diagnosed?,"Aplastic Anemia is diagnosed through clinical evaluation, imaging, and laboratory tests."
What is the first-line treatment for aplastic anemia?,First-line treatment for Aplastic Anemia includes therapy1 and therapy2 according to guidelines.
What are risk factors for aplastic anemia?,"Risk factors for Aplastic Anemia include factor1, factor2, and factor3."
What is hemolytic disease of newborn?,Hemolytic Disease Of Newborn is a condition characterized by specific pathophysiological processes.
What are common symptoms of hemolytic disease of newborn?,"Common symptoms of Hemolytic Disease Of Newborn include symptom1, symptom2, and symptom3."
How is hemolytic disease of newborn diagnosed?,"Hemolytic Disease Of Newborn is diagnosed through clinical evaluation, imaging, and laboratory tests."
What is the first-line treatment for hemolytic disease of newborn?,First-line treatment for Hemolytic Disease Of Newborn includes therapy1 and therapy2 according to guidelines.
What are risk factors for hemolytic disease of newborn?,"Risk factors for Hemolytic Disease Of Newborn include factor1, factor2, and factor3."
What is Rh incompatibility?,Rh Incompatibility is a condition characterized by specific pathophysiological processes.
What are common symptoms of Rh incompatibility?,"Common symptoms of Rh Incompatibility include symptom1, symptom2, and symptom3."
How is Rh incompatibility diagnosed?,"Rh Incompatibility is diagnosed through clinical evaluation, imaging, and laboratory tests."
What is the first-line treatment for Rh incompatibility?,First-line treatment for Rh Incompatibility includes therapy1 and therapy2 according to guidelines.
What are risk factors for Rh incompatibility?,"Risk factors for Rh Incompatibility include factor1, factor2, and factor3."
What is seasonal influenza?,Seasonal Influenza is a condition characterized by specific pathophysiological processes.
What are common symptoms of seasonal influenza?,"Common symptoms of Seasonal Influenza include symptom1, symptom2, and symptom3."
How is seasonal influenza diagnosed?,"Seasonal Influenza is diagnosed through clinical evaluation, imaging, and laboratory tests."
What is the first-line treatment for seasonal influenza?,First-line treatment for Seasonal Influenza includes therapy1 and therapy2 according to guidelines.
What are risk factors for seasonal influenza?,"Risk factors for Seasonal Influenza include factor1, factor2, and factor3."
What is COVID-19?,Covid-19 is a condition characterized by specific pathophysiological processes.
What are common symptoms of COVID-19?,"Common symptoms of Covid-19 include symptom1, symptom2, and symptom3."
How is COVID-19 diagnosed?,"Covid-19 is diagnosed through clinical evaluation, imaging, and laboratory tests."
What is the first-line treatment for COVID-19?,First-line treatment for Covid-19 includes therapy1 and therapy2 according to guidelines.
What are risk factors for COVID-19?,"Risk factors for Covid-19 include factor1, factor2, and factor3."
What is dengue hemorrhagic fever?,Dengue Hemorrhagic Fever is a condition characterized by specific pathophysiological processes.
What are common symptoms of dengue hemorrhagic fever?,"Common symptoms of Dengue Hemorrhagic Fever include symptom1, symptom2, and symptom3."
How is dengue hemorrhagic fever diagnosed?,"Dengue Hemorrhagic Fever is diagnosed through clinical evaluation, imaging, and laboratory tests."
What is the first-line treatment for dengue hemorrhagic fever?,First-line treatment for Dengue Hemorrhagic Fever includes therapy1 and therapy2 according to guidelines.
What are risk factors for dengue hemorrhagic fever?,"Risk factors for Dengue Hemorrhagic Fever include factor1, factor2, and factor3."
What is long COVID syndrome?,Long Covid Syndrome is a condition characterized by specific pathophysiological processes.
What are common symptoms of long COVID syndrome?,"Common symptoms of Long Covid Syndrome include symptom1, symptom2, and symptom3."
How is long COVID syndrome diagnosed?,"Long Covid Syndrome is diagnosed through clinical evaluation, imaging, and laboratory tests."
What is the first-line treatment for long COVID syndrome?,First-line treatment for Long Covid Syndrome includes therapy1 and therapy2 according to guidelines.
What are risk factors for long COVID syndrome?,"Risk factors for Long Covid Syndrome include factor1, factor2, and factor3."
What is chronic fatigue syndrome?,Chronic Fatigue Syndrome is a condition characterized by specific pathophysiological processes.
What are common symptoms of chronic fatigue syndrome?,"Common symptoms of Chronic Fatigue Syndrome include symptom1, symptom2, and symptom3."
How is chronic fatigue syndrome diagnosed?,"Chronic Fatigue Syndrome is diagnosed through clinical evaluation, imaging, and laboratory tests."
What is the first-line treatment for chronic fatigue syndrome?,First-line treatment for Chronic Fatigue Syndrome includes therapy1 and therapy2 according to guidelines.
What are risk factors for chronic fatigue syndrome?,"Risk factors for Chronic Fatigue Syndrome include factor1, factor2, and factor3."
What is fibromyalgia?,Fibromyalgia is a condition characterized by specific pathophysiological processes.
What are common symptoms of fibromyalgia?,"Common symptoms of Fibromyalgia include symptom1, symptom2, and symptom3."
How is fibromyalgia diagnosed?,"Fibromyalgia is diagnosed through clinical evaluation, imaging, and laboratory tests."
What is the first-line treatment for fibromyalgia?,First-line treatment for Fibromyalgia includes therapy1 and therapy2 according to guidelines.
What are risk factors for fibromyalgia?,"Risk factors for Fibromyalgia include factor1, factor2, and factor3."
